,User,Date,Compound,Positive,Neutral,Negative
0,@BBCNews,Wed Mar 14 01:03:30 +0000 2018,0.0,0.0,1.0,0.0
1,@BBCNews,Wed Mar 14 01:03:30 +0000 2018,0.0,0.0,1.0,0.0
2,@BBCNews,Wed Mar 14 01:03:30 +0000 2018,-0.1326,0.102,0.765,0.133
3,@BBCNews,Wed Mar 14 01:03:30 +0000 2018,-0.6908,0.0,0.824,0.176
4,@BBCNews,Wed Mar 14 01:03:30 +0000 2018,0.2732,0.11,0.89,0.0
5,@BBCNews,Wed Mar 14 01:03:30 +0000 2018,0.0,0.0,1.0,0.0
6,@BBCNews,Wed Mar 14 01:03:30 +0000 2018,0.0,0.0,1.0,0.0
7,@BBCNews,Wed Mar 14 01:03:30 +0000 2018,0.0,0.0,1.0,0.0
8,@BBCNews,Wed Mar 14 01:03:30 +0000 2018,-0.5256,0.0,0.747,0.253
9,@BBCNews,Wed Mar 14 01:03:30 +0000 2018,0.3191,0.109,0.837,0.054
10,@BBCNews,Wed Mar 14 01:03:30 +0000 2018,0.0,0.0,1.0,0.0
11,@BBCNews,Wed Mar 14 01:03:30 +0000 2018,0.0,0.0,1.0,0.0
12,@BBCNews,Wed Mar 14 01:03:30 +0000 2018,0.4215,0.128,0.872,0.0
13,@BBCNews,Wed Mar 14 01:03:30 +0000 2018,-0.296,0.0,0.901,0.099
14,@BBCNews,Wed Mar 14 01:03:30 +0000 2018,0.0,0.0,1.0,0.0
15,@BBCNews,Wed Mar 14 01:03:30 +0000 2018,0.0,0.0,1.0,0.0
16,@BBCNews,Wed Mar 14 01:03:30 +0000 2018,-0.4404,0.0,0.847,0.153
17,@BBCNews,Wed Mar 14 01:03:30 +0000 2018,0.0,0.0,1.0,0.0
18,@BBCNews,Wed Mar 14 01:03:30 +0000 2018,-0.5267,0.0,0.841,0.159
19,@BBCNews,Wed Mar 14 01:03:30 +0000 2018,-0.7783,0.1,0.613,0.287
20,@BBCNews,Wed Mar 14 01:03:30 +0000 2018,0.0,0.0,1.0,0.0
21,@BBCNews,Wed Mar 14 01:03:30 +0000 2018,0.0,0.0,1.0,0.0
22,@BBCNews,Wed Mar 14 01:03:30 +0000 2018,0.0,0.0,1.0,0.0
23,@BBCNews,Wed Mar 14 01:03:30 +0000 2018,0.0,0.0,1.0,0.0
24,@BBCNews,Wed Mar 14 01:03:30 +0000 2018,-0.7717,0.0,0.661,0.339
25,@BBCNews,Wed Mar 14 01:03:30 +0000 2018,-0.7351,0.0,0.617,0.383
26,@BBCNews,Wed Mar 14 01:03:30 +0000 2018,-0.4019,0.0,0.722,0.278
27,@BBCNews,Wed Mar 14 01:03:30 +0000 2018,0.6369,0.189,0.811,0.0
28,@BBCNews,Wed Mar 14 01:03:30 +0000 2018,0.0516,0.159,0.725,0.116
29,@BBCNews,Wed Mar 14 01:03:30 +0000 2018,-0.5549,0.076,0.676,0.248
30,@BBCNews,Wed Mar 14 01:03:30 +0000 2018,0.1531,0.127,0.873,0.0
31,@BBCNews,Wed Mar 14 01:03:30 +0000 2018,0.4404,0.235,0.648,0.117
32,@BBCNews,Wed Mar 14 01:03:30 +0000 2018,0.0,0.0,1.0,0.0
33,@BBCNews,Wed Mar 14 01:03:30 +0000 2018,0.0,0.0,1.0,0.0
34,@BBCNews,Wed Mar 14 01:03:30 +0000 2018,0.0,0.0,1.0,0.0
35,@BBCNews,Wed Mar 14 01:03:30 +0000 2018,0.3321,0.272,0.728,0.0
36,@BBCNews,Wed Mar 14 01:03:30 +0000 2018,-0.5574,0.0,0.625,0.375
37,@BBCNews,Wed Mar 14 01:03:30 +0000 2018,-0.7346,0.077,0.671,0.252
38,@BBCNews,Wed Mar 14 01:03:30 +0000 2018,-0.8834,0.0,0.493,0.507
39,@BBCNews,Wed Mar 14 01:03:30 +0000 2018,0.0,0.0,1.0,0.0
40,@BBCNews,Wed Mar 14 01:03:30 +0000 2018,-0.3094,0.106,0.726,0.167
41,@BBCNews,Wed Mar 14 01:03:30 +0000 2018,0.0,0.0,1.0,0.0
42,@BBCNews,Wed Mar 14 01:03:30 +0000 2018,-0.5549,0.076,0.676,0.248
43,@BBCNews,Wed Mar 14 01:03:30 +0000 2018,0.0,0.0,1.0,0.0
44,@BBCNews,Wed Mar 14 01:03:30 +0000 2018,-0.4767,0.0,0.78,0.22
45,@BBCNews,Wed Mar 14 01:03:30 +0000 2018,-0.5549,0.076,0.676,0.248
46,@BBCNews,Wed Mar 14 01:03:30 +0000 2018,-0.5549,0.076,0.676,0.248
47,@BBCNews,Wed Mar 14 01:03:30 +0000 2018,-0.5549,0.076,0.676,0.248
48,@BBCNews,Wed Mar 14 01:03:30 +0000 2018,0.0,0.0,1.0,0.0
49,@BBCNews,Wed Mar 14 01:03:30 +0000 2018,0.1531,0.147,0.737,0.116
50,@BBCNews,Wed Mar 14 01:03:30 +0000 2018,-0.128,0.0,0.93,0.07
51,@BBCNews,Wed Mar 14 01:03:30 +0000 2018,-0.2732,0.0,0.923,0.077
52,@BBCNews,Wed Mar 14 01:03:30 +0000 2018,-0.5549,0.076,0.676,0.248
53,@BBCNews,Wed Mar 14 01:03:30 +0000 2018,0.0,0.0,1.0,0.0
54,@BBCNews,Wed Mar 14 01:03:30 +0000 2018,0.0644,0.139,0.733,0.127
55,@BBCNews,Wed Mar 14 01:03:30 +0000 2018,-0.4753,0.0,0.781,0.219
56,@BBCNews,Wed Mar 14 01:03:30 +0000 2018,0.0,0.0,1.0,0.0
57,@BBCNews,Wed Mar 14 01:03:30 +0000 2018,0.0516,0.159,0.725,0.116
58,@BBCNews,Wed Mar 14 01:03:30 +0000 2018,0.717,0.499,0.501,0.0
59,@BBCNews,Wed Mar 14 01:03:30 +0000 2018,-0.5848,0.0,0.798,0.202
60,@BBCNews,Wed Mar 14 01:03:30 +0000 2018,0.0,0.163,0.674,0.163
61,@BBCNews,Wed Mar 14 01:03:30 +0000 2018,0.0,0.0,1.0,0.0
62,@BBCNews,Wed Mar 14 01:03:30 +0000 2018,0.0,0.0,1.0,0.0
63,@BBCNews,Wed Mar 14 01:03:30 +0000 2018,0.0,0.0,1.0,0.0
64,@BBCNews,Wed Mar 14 01:03:30 +0000 2018,0.0,0.0,1.0,0.0
65,@BBCNews,Wed Mar 14 01:03:30 +0000 2018,0.7269,0.315,0.576,0.108
66,@BBCNews,Wed Mar 14 01:03:30 +0000 2018,0.0,0.0,1.0,0.0
67,@BBCNews,Wed Mar 14 01:03:30 +0000 2018,0.6369,0.189,0.811,0.0
68,@BBCNews,Wed Mar 14 01:03:30 +0000 2018,0.0,0.0,1.0,0.0
69,@BBCNews,Wed Mar 14 01:03:30 +0000 2018,0.0,0.0,1.0,0.0
70,@BBCNews,Wed Mar 14 01:03:30 +0000 2018,0.0,0.0,1.0,0.0
71,@BBCNews,Wed Mar 14 01:03:30 +0000 2018,0.7269,0.315,0.576,0.108
72,@BBCNews,Wed Mar 14 01:03:30 +0000 2018,-0.9042,0.065,0.556,0.38
73,@BBCNews,Wed Mar 14 01:03:30 +0000 2018,0.0,0.0,1.0,0.0
74,@BBCNews,Wed Mar 14 01:03:30 +0000 2018,0.0,0.0,1.0,0.0
75,@BBCNews,Wed Mar 14 01:03:30 +0000 2018,0.6597,0.241,0.759,0.0
76,@BBCNews,Wed Mar 14 01:03:30 +0000 2018,0.0,0.0,1.0,0.0
77,@BBCNews,Wed Mar 14 01:03:30 +0000 2018,0.1531,0.165,0.706,0.129
78,@BBCNews,Wed Mar 14 01:03:30 +0000 2018,0.0,0.0,1.0,0.0
79,@BBCNews,Wed Mar 14 01:03:30 +0000 2018,0.0,0.0,1.0,0.0
80,@BBCNews,Wed Mar 14 01:03:30 +0000 2018,-0.9325,0.073,0.443,0.484
81,@BBCNews,Wed Mar 14 01:03:30 +0000 2018,0.0,0.0,1.0,0.0
82,@BBCNews,Wed Mar 14 01:03:30 +0000 2018,0.6369,0.189,0.811,0.0
83,@BBCNews,Wed Mar 14 01:03:30 +0000 2018,-0.7318,0.101,0.62,0.279
84,@BBCNews,Wed Mar 14 01:03:30 +0000 2018,-0.2732,0.0,0.923,0.077
85,@BBCNews,Wed Mar 14 01:03:30 +0000 2018,0.0,0.0,1.0,0.0
86,@BBCNews,Wed Mar 14 01:03:30 +0000 2018,0.5267,0.362,0.638,0.0
87,@BBCNews,Wed Mar 14 01:03:30 +0000 2018,-0.4404,0.0,0.707,0.293
88,@BBCNews,Wed Mar 14 01:03:30 +0000 2018,0.7506,0.234,0.766,0.0
89,@BBCNews,Wed Mar 14 01:03:30 +0000 2018,0.0,0.0,1.0,0.0
90,@BBCNews,Wed Mar 14 01:03:30 +0000 2018,0.0,0.0,1.0,0.0
91,@BBCNews,Wed Mar 14 01:03:30 +0000 2018,-0.7346,0.077,0.671,0.252
92,@BBCNews,Wed Mar 14 01:03:30 +0000 2018,0.0516,0.159,0.725,0.116
93,@BBCNews,Wed Mar 14 01:03:30 +0000 2018,0.0,0.0,1.0,0.0
94,@BBCNews,Wed Mar 14 01:03:30 +0000 2018,0.4215,0.219,0.781,0.0
95,@BBCNews,Wed Mar 14 01:03:30 +0000 2018,-0.1759,0.0,0.703,0.297
96,@BBCNews,Wed Mar 14 01:03:30 +0000 2018,-0.802,0.0,0.725,0.275
97,@BBCNews,Wed Mar 14 01:03:30 +0000 2018,-0.8074,0.0,0.673,0.327
98,@BBCNews,Wed Mar 14 01:03:30 +0000 2018,0.0,0.0,1.0,0.0
99,@BBCNews,Wed Mar 14 01:03:30 +0000 2018,0.0,0.0,1.0,0.0
0,@CBSNews,Wed Mar 14 01:20:03 +0000 2018,0.34,0.107,0.893,0.0
1,@CBSNews,Wed Mar 14 01:20:03 +0000 2018,-0.6486,0.0,0.583,0.417
2,@CBSNews,Wed Mar 14 01:20:03 +0000 2018,0.0,0.0,1.0,0.0
3,@CBSNews,Wed Mar 14 01:20:03 +0000 2018,-0.644,0.0,0.844,0.156
4,@CBSNews,Wed Mar 14 01:20:03 +0000 2018,0.34,0.107,0.893,0.0
5,@CBSNews,Wed Mar 14 01:20:03 +0000 2018,0.5994,0.189,0.811,0.0
6,@CBSNews,Wed Mar 14 01:20:03 +0000 2018,0.0,0.0,1.0,0.0
7,@CBSNews,Wed Mar 14 01:20:03 +0000 2018,0.1027,0.062,0.938,0.0
8,@CBSNews,Wed Mar 14 01:20:03 +0000 2018,0.0,0.0,1.0,0.0
9,@CBSNews,Wed Mar 14 01:20:03 +0000 2018,0.0,0.0,1.0,0.0
10,@CBSNews,Wed Mar 14 01:20:03 +0000 2018,0.2003,0.141,0.649,0.21
11,@CBSNews,Wed Mar 14 01:20:03 +0000 2018,-0.6486,0.0,0.725,0.275
12,@CBSNews,Wed Mar 14 01:20:03 +0000 2018,0.0,0.0,1.0,0.0
13,@CBSNews,Wed Mar 14 01:20:03 +0000 2018,0.3612,0.185,0.815,0.0
14,@CBSNews,Wed Mar 14 01:20:03 +0000 2018,0.0,0.0,1.0,0.0
15,@CBSNews,Wed Mar 14 01:20:03 +0000 2018,0.4404,0.172,0.828,0.0
16,@CBSNews,Wed Mar 14 01:20:03 +0000 2018,0.0258,0.094,0.816,0.09
17,@CBSNews,Wed Mar 14 01:20:03 +0000 2018,-0.5994,0.0,0.692,0.308
18,@CBSNews,Wed Mar 14 01:20:03 +0000 2018,0.5994,0.189,0.811,0.0
19,@CBSNews,Wed Mar 14 01:20:03 +0000 2018,0.0,0.0,1.0,0.0
20,@CBSNews,Wed Mar 14 01:20:03 +0000 2018,0.5994,0.189,0.811,0.0
21,@CBSNews,Wed Mar 14 01:20:03 +0000 2018,0.34,0.107,0.893,0.0
22,@CBSNews,Wed Mar 14 01:20:03 +0000 2018,-0.4601,0.0,0.624,0.376
23,@CBSNews,Wed Mar 14 01:20:03 +0000 2018,0.0,0.0,1.0,0.0
24,@CBSNews,Wed Mar 14 01:20:03 +0000 2018,0.5994,0.189,0.811,0.0
25,@CBSNews,Wed Mar 14 01:20:03 +0000 2018,-0.9151,0.0,0.56,0.44
26,@CBSNews,Wed Mar 14 01:20:03 +0000 2018,0.5423,0.231,0.769,0.0
27,@CBSNews,Wed Mar 14 01:20:03 +0000 2018,0.0,0.0,1.0,0.0
28,@CBSNews,Wed Mar 14 01:20:03 +0000 2018,-0.8213,0.0,0.562,0.438
29,@CBSNews,Wed Mar 14 01:20:03 +0000 2018,0.4215,0.123,0.877,0.0
30,@CBSNews,Wed Mar 14 01:20:03 +0000 2018,-0.0803,0.144,0.688,0.168
31,@CBSNews,Wed Mar 14 01:20:03 +0000 2018,0.5719,0.156,0.844,0.0
32,@CBSNews,Wed Mar 14 01:20:03 +0000 2018,0.5994,0.189,0.811,0.0
33,@CBSNews,Wed Mar 14 01:20:03 +0000 2018,0.0,0.0,1.0,0.0
34,@CBSNews,Wed Mar 14 01:20:03 +0000 2018,0.0,0.0,1.0,0.0
35,@CBSNews,Wed Mar 14 01:20:03 +0000 2018,0.0,0.0,1.0,0.0
36,@CBSNews,Wed Mar 14 01:20:03 +0000 2018,0.5994,0.189,0.811,0.0
37,@CBSNews,Wed Mar 14 01:20:03 +0000 2018,0.5994,0.189,0.811,0.0
38,@CBSNews,Wed Mar 14 01:20:03 +0000 2018,0.0,0.0,1.0,0.0
39,@CBSNews,Wed Mar 14 01:20:03 +0000 2018,0.0,0.0,1.0,0.0
40,@CBSNews,Wed Mar 14 01:20:03 +0000 2018,-0.4767,0.0,0.807,0.193
41,@CBSNews,Wed Mar 14 01:20:03 +0000 2018,0.5994,0.189,0.811,0.0
42,@CBSNews,Wed Mar 14 01:20:03 +0000 2018,0.0,0.0,1.0,0.0
43,@CBSNews,Wed Mar 14 01:20:03 +0000 2018,0.0,0.0,1.0,0.0
44,@CBSNews,Wed Mar 14 01:20:03 +0000 2018,0.0,0.0,1.0,0.0
45,@CBSNews,Wed Mar 14 01:20:03 +0000 2018,0.0,0.0,1.0,0.0
46,@CBSNews,Wed Mar 14 01:20:03 +0000 2018,-0.296,0.0,0.916,0.084
47,@CBSNews,Wed Mar 14 01:20:03 +0000 2018,-0.5827,0.0,0.744,0.256
48,@CBSNews,Wed Mar 14 01:20:03 +0000 2018,0.5994,0.189,0.811,0.0
49,@CBSNews,Wed Mar 14 01:20:03 +0000 2018,0.0,0.0,1.0,0.0
50,@CBSNews,Wed Mar 14 01:20:03 +0000 2018,0.3382,0.285,0.715,0.0
51,@CBSNews,Wed Mar 14 01:20:03 +0000 2018,0.5994,0.189,0.811,0.0
52,@CBSNews,Wed Mar 14 01:20:03 +0000 2018,-0.5449,0.0,0.857,0.143
53,@CBSNews,Wed Mar 14 01:20:03 +0000 2018,0.5994,0.189,0.811,0.0
54,@CBSNews,Wed Mar 14 01:20:03 +0000 2018,-0.75,0.082,0.607,0.311
55,@CBSNews,Wed Mar 14 01:20:03 +0000 2018,0.2047,0.108,0.892,0.0
56,@CBSNews,Wed Mar 14 01:20:03 +0000 2018,0.0,0.0,1.0,0.0
57,@CBSNews,Wed Mar 14 01:20:03 +0000 2018,0.0,0.0,1.0,0.0
58,@CBSNews,Wed Mar 14 01:20:03 +0000 2018,-0.296,0.0,0.694,0.306
59,@CBSNews,Wed Mar 14 01:20:03 +0000 2018,0.0,0.0,1.0,0.0
60,@CBSNews,Wed Mar 14 01:20:03 +0000 2018,0.0,0.0,1.0,0.0
61,@CBSNews,Wed Mar 14 01:20:03 +0000 2018,-0.296,0.0,0.645,0.355
62,@CBSNews,Wed Mar 14 01:20:03 +0000 2018,0.5147,0.25,0.75,0.0
63,@CBSNews,Wed Mar 14 01:20:03 +0000 2018,0.0,0.0,1.0,0.0
64,@CBSNews,Wed Mar 14 01:20:03 +0000 2018,0.3612,0.091,0.909,0.0
65,@CBSNews,Wed Mar 14 01:20:03 +0000 2018,0.0,0.0,1.0,0.0
66,@CBSNews,Wed Mar 14 01:20:03 +0000 2018,-0.8979,0.0,0.635,0.365
67,@CBSNews,Wed Mar 14 01:20:03 +0000 2018,0.6808,0.211,0.789,0.0
68,@CBSNews,Wed Mar 14 01:20:03 +0000 2018,-0.5994,0.084,0.702,0.214
69,@CBSNews,Wed Mar 14 01:20:03 +0000 2018,0.34,0.107,0.893,0.0
70,@CBSNews,Wed Mar 14 01:20:03 +0000 2018,0.34,0.107,0.893,0.0
71,@CBSNews,Wed Mar 14 01:20:03 +0000 2018,0.5994,0.189,0.811,0.0
72,@CBSNews,Wed Mar 14 01:20:03 +0000 2018,0.0,0.0,1.0,0.0
73,@CBSNews,Wed Mar 14 01:20:03 +0000 2018,0.6249,0.163,0.837,0.0
74,@CBSNews,Wed Mar 14 01:20:03 +0000 2018,0.5994,0.189,0.811,0.0
75,@CBSNews,Wed Mar 14 01:20:03 +0000 2018,-0.7184,0.0,0.625,0.375
76,@CBSNews,Wed Mar 14 01:20:03 +0000 2018,0.0,0.0,1.0,0.0
77,@CBSNews,Wed Mar 14 01:20:03 +0000 2018,0.5994,0.189,0.811,0.0
78,@CBSNews,Wed Mar 14 01:20:03 +0000 2018,-0.25,0.143,0.649,0.208
79,@CBSNews,Wed Mar 14 01:20:03 +0000 2018,0.0,0.0,1.0,0.0
80,@CBSNews,Wed Mar 14 01:20:03 +0000 2018,-0.34,0.0,0.897,0.103
81,@CBSNews,Wed Mar 14 01:20:03 +0000 2018,0.3612,0.091,0.909,0.0
82,@CBSNews,Wed Mar 14 01:20:03 +0000 2018,0.0,0.0,1.0,0.0
83,@CBSNews,Wed Mar 14 01:20:03 +0000 2018,0.34,0.107,0.893,0.0
84,@CBSNews,Wed Mar 14 01:20:03 +0000 2018,-0.5574,0.078,0.709,0.213
85,@CBSNews,Wed Mar 14 01:20:03 +0000 2018,-0.25,0.0,0.909,0.091
86,@CBSNews,Wed Mar 14 01:20:03 +0000 2018,-0.5267,0.0,0.614,0.386
87,@CBSNews,Wed Mar 14 01:20:03 +0000 2018,-0.5859,0.0,0.814,0.186
88,@CBSNews,Wed Mar 14 01:20:03 +0000 2018,-0.8979,0.0,0.635,0.365
89,@CBSNews,Wed Mar 14 01:20:03 +0000 2018,0.0,0.0,1.0,0.0
90,@CBSNews,Wed Mar 14 01:20:03 +0000 2018,0.0,0.0,1.0,0.0
91,@CBSNews,Wed Mar 14 01:20:03 +0000 2018,0.34,0.107,0.893,0.0
92,@CBSNews,Wed Mar 14 01:20:03 +0000 2018,0.0,0.0,1.0,0.0
93,@CBSNews,Wed Mar 14 01:20:03 +0000 2018,0.8225,0.377,0.53,0.093
94,@CBSNews,Wed Mar 14 01:20:03 +0000 2018,-0.8979,0.0,0.635,0.365
95,@CBSNews,Wed Mar 14 01:20:03 +0000 2018,0.0,0.0,1.0,0.0
96,@CBSNews,Wed Mar 14 01:20:03 +0000 2018,0.5994,0.189,0.811,0.0
97,@CBSNews,Wed Mar 14 01:20:03 +0000 2018,0.0,0.0,1.0,0.0
98,@CBSNews,Wed Mar 14 01:20:03 +0000 2018,0.0,0.0,1.0,0.0
99,@CBSNews,Wed Mar 14 01:20:03 +0000 2018,0.34,0.107,0.893,0.0
0,@CNN,Wed Mar 14 01:22:51 +0000 2018,-0.5562,0.0,0.715,0.285
1,@CNN,Wed Mar 14 01:22:51 +0000 2018,-0.7845,0.0,0.761,0.239
2,@CNN,Wed Mar 14 01:22:51 +0000 2018,0.0772,0.098,0.902,0.0
3,@CNN,Wed Mar 14 01:22:51 +0000 2018,0.0,0.0,1.0,0.0
4,@CNN,Wed Mar 14 01:22:51 +0000 2018,0.5859,0.16,0.84,0.0
5,@CNN,Wed Mar 14 01:22:51 +0000 2018,-0.7845,0.0,0.761,0.239
6,@CNN,Wed Mar 14 01:22:51 +0000 2018,-0.3182,0.0,0.919,0.081
7,@CNN,Wed Mar 14 01:22:51 +0000 2018,-0.7845,0.0,0.761,0.239
8,@CNN,Wed Mar 14 01:22:51 +0000 2018,-0.7845,0.0,0.761,0.239
9,@CNN,Wed Mar 14 01:22:51 +0000 2018,0.0,0.0,1.0,0.0
10,@CNN,Wed Mar 14 01:22:51 +0000 2018,0.0,0.0,1.0,0.0
11,@CNN,Wed Mar 14 01:22:51 +0000 2018,-0.7845,0.0,0.761,0.239
12,@CNN,Wed Mar 14 01:22:51 +0000 2018,0.0,0.0,1.0,0.0
13,@CNN,Wed Mar 14 01:22:51 +0000 2018,0.0,0.0,1.0,0.0
14,@CNN,Wed Mar 14 01:22:51 +0000 2018,-0.7845,0.0,0.761,0.239
15,@CNN,Wed Mar 14 01:22:51 +0000 2018,-0.7845,0.0,0.761,0.239
16,@CNN,Wed Mar 14 01:22:51 +0000 2018,0.0,0.0,1.0,0.0
17,@CNN,Wed Mar 14 01:22:51 +0000 2018,-0.7845,0.0,0.761,0.239
18,@CNN,Wed Mar 14 01:22:51 +0000 2018,0.0,0.0,1.0,0.0
19,@CNN,Wed Mar 14 01:22:51 +0000 2018,0.0,0.0,1.0,0.0
20,@CNN,Wed Mar 14 01:22:51 +0000 2018,0.34,0.098,0.902,0.0
21,@CNN,Wed Mar 14 01:22:51 +0000 2018,0.0,0.0,1.0,0.0
22,@CNN,Wed Mar 14 01:22:51 +0000 2018,0.0,0.0,1.0,0.0
23,@CNN,Wed Mar 14 01:22:51 +0000 2018,0.0,0.0,1.0,0.0
24,@CNN,Wed Mar 14 01:22:51 +0000 2018,0.0,0.0,1.0,0.0
25,@CNN,Wed Mar 14 01:22:51 +0000 2018,-0.7845,0.0,0.761,0.239
26,@CNN,Wed Mar 14 01:22:51 +0000 2018,-0.7845,0.0,0.761,0.239
27,@CNN,Wed Mar 14 01:22:51 +0000 2018,-0.7845,0.0,0.761,0.239
28,@CNN,Wed Mar 14 01:22:51 +0000 2018,0.126,0.185,0.815,0.0
29,@CNN,Wed Mar 14 01:22:51 +0000 2018,-0.7845,0.0,0.761,0.239
30,@CNN,Wed Mar 14 01:22:51 +0000 2018,0.0,0.0,1.0,0.0
31,@CNN,Wed Mar 14 01:22:51 +0000 2018,0.0,0.0,1.0,0.0
32,@CNN,Wed Mar 14 01:22:51 +0000 2018,-0.7579,0.0,0.755,0.245
33,@CNN,Wed Mar 14 01:22:51 +0000 2018,-0.296,0.0,0.891,0.109
34,@CNN,Wed Mar 14 01:22:51 +0000 2018,0.0,0.0,1.0,0.0
35,@CNN,Wed Mar 14 01:22:51 +0000 2018,0.0,0.0,1.0,0.0
36,@CNN,Wed Mar 14 01:22:51 +0000 2018,-0.3595,0.0,0.872,0.128
37,@CNN,Wed Mar 14 01:22:51 +0000 2018,-0.7845,0.0,0.761,0.239
38,@CNN,Wed Mar 14 01:22:51 +0000 2018,0.4019,0.13,0.87,0.0
39,@CNN,Wed Mar 14 01:22:51 +0000 2018,0.0,0.0,1.0,0.0
40,@CNN,Wed Mar 14 01:22:51 +0000 2018,-0.7845,0.0,0.761,0.239
41,@CNN,Wed Mar 14 01:22:51 +0000 2018,-0.7845,0.0,0.761,0.239
42,@CNN,Wed Mar 14 01:22:51 +0000 2018,0.0,0.0,1.0,0.0
43,@CNN,Wed Mar 14 01:22:51 +0000 2018,0.5859,0.16,0.84,0.0
44,@CNN,Wed Mar 14 01:22:51 +0000 2018,-0.7845,0.0,0.784,0.216
45,@CNN,Wed Mar 14 01:22:51 +0000 2018,0.0,0.0,1.0,0.0
46,@CNN,Wed Mar 14 01:22:51 +0000 2018,0.2023,0.117,0.795,0.087
47,@CNN,Wed Mar 14 01:22:51 +0000 2018,0.0,0.0,1.0,0.0
48,@CNN,Wed Mar 14 01:22:51 +0000 2018,0.4404,0.247,0.628,0.126
49,@CNN,Wed Mar 14 01:22:51 +0000 2018,0.0,0.0,1.0,0.0
50,@CNN,Wed Mar 14 01:22:51 +0000 2018,0.0,0.0,1.0,0.0
51,@CNN,Wed Mar 14 01:22:51 +0000 2018,0.0,0.0,1.0,0.0
52,@CNN,Wed Mar 14 01:22:51 +0000 2018,-0.7845,0.0,0.761,0.239
53,@CNN,Wed Mar 14 01:22:51 +0000 2018,-0.7845,0.0,0.761,0.239
54,@CNN,Wed Mar 14 01:22:51 +0000 2018,-0.5399,0.0,0.801,0.199
55,@CNN,Wed Mar 14 01:22:51 +0000 2018,-0.7845,0.0,0.761,0.239
56,@CNN,Wed Mar 14 01:22:51 +0000 2018,-0.3612,0.123,0.639,0.237
57,@CNN,Wed Mar 14 01:22:51 +0000 2018,-0.7574,0.0,0.735,0.265
58,@CNN,Wed Mar 14 01:22:51 +0000 2018,-0.7845,0.0,0.761,0.239
59,@CNN,Wed Mar 14 01:22:51 +0000 2018,0.0,0.0,1.0,0.0
60,@CNN,Wed Mar 14 01:22:51 +0000 2018,-0.7845,0.0,0.761,0.239
61,@CNN,Wed Mar 14 01:22:51 +0000 2018,0.2023,0.117,0.795,0.087
62,@CNN,Wed Mar 14 01:22:51 +0000 2018,0.6696,0.268,0.732,0.0
63,@CNN,Wed Mar 14 01:22:51 +0000 2018,0.0,0.0,1.0,0.0
64,@CNN,Wed Mar 14 01:22:51 +0000 2018,0.0,0.0,1.0,0.0
65,@CNN,Wed Mar 14 01:22:51 +0000 2018,-0.7845,0.0,0.761,0.239
66,@CNN,Wed Mar 14 01:22:51 +0000 2018,-0.5574,0.0,0.816,0.184
67,@CNN,Wed Mar 14 01:22:51 +0000 2018,-0.7579,0.0,0.723,0.277
68,@CNN,Wed Mar 14 01:22:51 +0000 2018,0.0,0.0,1.0,0.0
69,@CNN,Wed Mar 14 01:22:51 +0000 2018,-0.7845,0.0,0.761,0.239
70,@CNN,Wed Mar 14 01:22:51 +0000 2018,-0.7845,0.0,0.761,0.239
71,@CNN,Wed Mar 14 01:22:51 +0000 2018,0.678,0.336,0.664,0.0
72,@CNN,Wed Mar 14 01:22:51 +0000 2018,0.4404,0.195,0.805,0.0
73,@CNN,Wed Mar 14 01:22:51 +0000 2018,0.0,0.0,1.0,0.0
74,@CNN,Wed Mar 14 01:22:51 +0000 2018,0.0,0.0,1.0,0.0
75,@CNN,Wed Mar 14 01:22:51 +0000 2018,0.6696,0.44,0.56,0.0
76,@CNN,Wed Mar 14 01:22:51 +0000 2018,-0.7845,0.0,0.761,0.239
77,@CNN,Wed Mar 14 01:22:51 +0000 2018,-0.4767,0.0,0.86,0.14
78,@CNN,Wed Mar 14 01:22:51 +0000 2018,-0.5994,0.0,0.692,0.308
79,@CNN,Wed Mar 14 01:22:51 +0000 2018,-0.7845,0.0,0.761,0.239
80,@CNN,Wed Mar 14 01:22:51 +0000 2018,-0.7845,0.0,0.761,0.239
81,@CNN,Wed Mar 14 01:22:51 +0000 2018,-0.8164,0.0,0.586,0.414
82,@CNN,Wed Mar 14 01:22:51 +0000 2018,-0.25,0.0,0.917,0.083
83,@CNN,Wed Mar 14 01:22:51 +0000 2018,-0.9001,0.0,0.667,0.333
84,@CNN,Wed Mar 14 01:22:51 +0000 2018,-0.3415,0.132,0.604,0.264
85,@CNN,Wed Mar 14 01:22:51 +0000 2018,-0.7845,0.0,0.761,0.239
86,@CNN,Wed Mar 14 01:22:51 +0000 2018,-0.7845,0.0,0.761,0.239
87,@CNN,Wed Mar 14 01:22:51 +0000 2018,0.0,0.0,1.0,0.0
88,@CNN,Wed Mar 14 01:22:51 +0000 2018,-0.7906,0.0,0.714,0.286
89,@CNN,Wed Mar 14 01:22:51 +0000 2018,0.0,0.0,1.0,0.0
90,@CNN,Wed Mar 14 01:22:51 +0000 2018,-0.7845,0.0,0.761,0.239
91,@CNN,Wed Mar 14 01:22:51 +0000 2018,-0.7845,0.0,0.761,0.239
92,@CNN,Wed Mar 14 01:22:51 +0000 2018,0.4019,0.144,0.856,0.0
93,@CNN,Wed Mar 14 01:22:51 +0000 2018,-0.7845,0.0,0.761,0.239
94,@CNN,Wed Mar 14 01:22:51 +0000 2018,0.5859,0.22,0.78,0.0
95,@CNN,Wed Mar 14 01:22:51 +0000 2018,0.0,0.0,1.0,0.0
96,@CNN,Wed Mar 14 01:22:51 +0000 2018,-0.7845,0.0,0.761,0.239
97,@CNN,Wed Mar 14 01:22:51 +0000 2018,-0.7845,0.0,0.761,0.239
98,@CNN,Wed Mar 14 01:22:51 +0000 2018,0.0,0.0,1.0,0.0
99,@CNN,Wed Mar 14 01:22:51 +0000 2018,-0.7845,0.0,0.761,0.239
0,@FoxNews,Wed Mar 14 01:22:45 +0000 2018,-0.0772,0.073,0.843,0.084
1,@FoxNews,Wed Mar 14 01:22:45 +0000 2018,0.0,0.0,1.0,0.0
2,@FoxNews,Wed Mar 14 01:22:45 +0000 2018,0.5859,0.388,0.612,0.0
3,@FoxNews,Wed Mar 14 01:22:45 +0000 2018,0.0,0.0,1.0,0.0
4,@FoxNews,Wed Mar 14 01:22:45 +0000 2018,-0.4019,0.0,0.838,0.162
5,@FoxNews,Wed Mar 14 01:22:45 +0000 2018,0.1027,0.131,0.758,0.111
6,@FoxNews,Wed Mar 14 01:22:45 +0000 2018,0.0,0.0,1.0,0.0
7,@FoxNews,Wed Mar 14 01:22:45 +0000 2018,0.4215,0.286,0.714,0.0
8,@FoxNews,Wed Mar 14 01:22:45 +0000 2018,0.5106,0.136,0.864,0.0
9,@FoxNews,Wed Mar 14 01:22:45 +0000 2018,-0.34,0.0,0.888,0.112
10,@FoxNews,Wed Mar 14 01:22:45 +0000 2018,0.1027,0.131,0.758,0.111
11,@FoxNews,Wed Mar 14 01:22:45 +0000 2018,-0.6312,0.0,0.804,0.196
12,@FoxNews,Wed Mar 14 01:22:45 +0000 2018,-0.4391,0.0,0.884,0.116
13,@FoxNews,Wed Mar 14 01:22:45 +0000 2018,0.0,0.0,1.0,0.0
14,@FoxNews,Wed Mar 14 01:22:45 +0000 2018,-0.5267,0.0,0.827,0.173
15,@FoxNews,Wed Mar 14 01:22:45 +0000 2018,-0.2263,0.0,0.894,0.106
16,@FoxNews,Wed Mar 14 01:22:45 +0000 2018,0.0,0.0,1.0,0.0
17,@FoxNews,Wed Mar 14 01:22:45 +0000 2018,0.2924,0.114,0.886,0.0
18,@FoxNews,Wed Mar 14 01:22:45 +0000 2018,-0.8271,0.0,0.58,0.42
19,@FoxNews,Wed Mar 14 01:22:45 +0000 2018,0.1027,0.131,0.758,0.111
20,@FoxNews,Wed Mar 14 01:22:45 +0000 2018,0.3612,0.333,0.667,0.0
21,@FoxNews,Wed Mar 14 01:22:45 +0000 2018,-0.1027,0.0,0.865,0.135
22,@FoxNews,Wed Mar 14 01:22:45 +0000 2018,0.4588,0.158,0.842,0.0
23,@FoxNews,Wed Mar 14 01:22:45 +0000 2018,-0.3875,0.0,0.842,0.158
24,@FoxNews,Wed Mar 14 01:22:45 +0000 2018,0.0,0.0,1.0,0.0
25,@FoxNews,Wed Mar 14 01:22:45 +0000 2018,-0.6249,0.0,0.843,0.157
26,@FoxNews,Wed Mar 14 01:22:45 +0000 2018,0.5093,0.136,0.864,0.0
27,@FoxNews,Wed Mar 14 01:22:45 +0000 2018,0.5027,0.161,0.839,0.0
28,@FoxNews,Wed Mar 14 01:22:45 +0000 2018,-0.2263,0.0,0.894,0.106
29,@FoxNews,Wed Mar 14 01:22:45 +0000 2018,0.0,0.0,1.0,0.0
30,@FoxNews,Wed Mar 14 01:22:45 +0000 2018,0.3612,0.106,0.894,0.0
31,@FoxNews,Wed Mar 14 01:22:45 +0000 2018,0.0,0.0,1.0,0.0
32,@FoxNews,Wed Mar 14 01:22:45 +0000 2018,-0.296,0.0,0.855,0.145
33,@FoxNews,Wed Mar 14 01:22:45 +0000 2018,0.0,0.0,1.0,0.0
34,@FoxNews,Wed Mar 14 01:22:45 +0000 2018,0.2924,0.114,0.886,0.0
35,@FoxNews,Wed Mar 14 01:22:45 +0000 2018,-0.5256,0.0,0.816,0.184
36,@FoxNews,Wed Mar 14 01:22:45 +0000 2018,-0.6597,0.059,0.709,0.232
37,@FoxNews,Wed Mar 14 01:22:45 +0000 2018,0.2924,0.114,0.886,0.0
38,@FoxNews,Wed Mar 14 01:22:45 +0000 2018,-0.0772,0.073,0.843,0.084
39,@FoxNews,Wed Mar 14 01:22:45 +0000 2018,0.0,0.0,1.0,0.0
40,@FoxNews,Wed Mar 14 01:22:45 +0000 2018,-0.3182,0.0,0.796,0.204
41,@FoxNews,Wed Mar 14 01:22:45 +0000 2018,0.0,0.0,1.0,0.0
42,@FoxNews,Wed Mar 14 01:22:45 +0000 2018,-0.0772,0.073,0.843,0.084
43,@FoxNews,Wed Mar 14 01:22:45 +0000 2018,0.2924,0.114,0.886,0.0
44,@FoxNews,Wed Mar 14 01:22:45 +0000 2018,-0.5399,0.0,0.801,0.199
45,@FoxNews,Wed Mar 14 01:22:45 +0000 2018,-0.4019,0.0,0.838,0.162
46,@FoxNews,Wed Mar 14 01:22:45 +0000 2018,0.0,0.0,1.0,0.0
47,@FoxNews,Wed Mar 14 01:22:45 +0000 2018,-0.4019,0.0,0.838,0.162
48,@FoxNews,Wed Mar 14 01:22:45 +0000 2018,0.0,0.0,1.0,0.0
49,@FoxNews,Wed Mar 14 01:22:45 +0000 2018,0.0,0.0,1.0,0.0
50,@FoxNews,Wed Mar 14 01:22:45 +0000 2018,-0.3079,0.069,0.811,0.12
51,@FoxNews,Wed Mar 14 01:22:45 +0000 2018,0.2228,0.239,0.761,0.0
52,@FoxNews,Wed Mar 14 01:22:45 +0000 2018,-0.4019,0.0,0.722,0.278
53,@FoxNews,Wed Mar 14 01:22:45 +0000 2018,0.0,0.0,1.0,0.0
54,@FoxNews,Wed Mar 14 01:22:45 +0000 2018,0.4588,0.158,0.842,0.0
55,@FoxNews,Wed Mar 14 01:22:45 +0000 2018,-0.296,0.235,0.408,0.357
56,@FoxNews,Wed Mar 14 01:22:45 +0000 2018,0.0,0.0,1.0,0.0
57,@FoxNews,Wed Mar 14 01:22:45 +0000 2018,0.1027,0.131,0.758,0.111
58,@FoxNews,Wed Mar 14 01:22:45 +0000 2018,-0.3875,0.0,0.807,0.193
59,@FoxNews,Wed Mar 14 01:22:45 +0000 2018,0.4588,0.158,0.842,0.0
60,@FoxNews,Wed Mar 14 01:22:45 +0000 2018,0.3612,0.106,0.894,0.0
61,@FoxNews,Wed Mar 14 01:22:45 +0000 2018,-0.6249,0.0,0.843,0.157
62,@FoxNews,Wed Mar 14 01:22:45 +0000 2018,-0.9393,0.0,0.536,0.464
63,@FoxNews,Wed Mar 14 01:22:45 +0000 2018,0.296,0.423,0.577,0.0
64,@FoxNews,Wed Mar 14 01:22:45 +0000 2018,-0.8481,0.0,0.303,0.697
65,@FoxNews,Wed Mar 14 01:22:45 +0000 2018,-0.6597,0.059,0.709,0.232
66,@FoxNews,Wed Mar 14 01:22:45 +0000 2018,-0.4019,0.0,0.838,0.162
67,@FoxNews,Wed Mar 14 01:22:45 +0000 2018,0.0,0.0,1.0,0.0
68,@FoxNews,Wed Mar 14 01:22:45 +0000 2018,-0.6808,0.0,0.152,0.848
69,@FoxNews,Wed Mar 14 01:22:45 +0000 2018,-0.5994,0.0,0.692,0.308
70,@FoxNews,Wed Mar 14 01:22:45 +0000 2018,-0.2263,0.084,0.774,0.142
71,@FoxNews,Wed Mar 14 01:22:45 +0000 2018,0.743,0.279,0.642,0.079
72,@FoxNews,Wed Mar 14 01:22:45 +0000 2018,-0.4019,0.0,0.838,0.162
73,@FoxNews,Wed Mar 14 01:22:45 +0000 2018,0.0,0.0,1.0,0.0
74,@FoxNews,Wed Mar 14 01:22:45 +0000 2018,-0.8271,0.0,0.58,0.42
75,@FoxNews,Wed Mar 14 01:22:45 +0000 2018,0.1027,0.131,0.758,0.111
76,@FoxNews,Wed Mar 14 01:22:45 +0000 2018,0.0,0.0,1.0,0.0
77,@FoxNews,Wed Mar 14 01:22:45 +0000 2018,0.0,0.0,1.0,0.0
78,@FoxNews,Wed Mar 14 01:22:45 +0000 2018,-0.6705,0.0,0.571,0.429
79,@FoxNews,Wed Mar 14 01:22:45 +0000 2018,0.4588,0.158,0.842,0.0
80,@FoxNews,Wed Mar 14 01:22:45 +0000 2018,0.4404,0.244,0.756,0.0
81,@FoxNews,Wed Mar 14 01:22:45 +0000 2018,-0.8271,0.0,0.58,0.42
82,@FoxNews,Wed Mar 14 01:22:45 +0000 2018,-0.6597,0.059,0.709,0.232
83,@FoxNews,Wed Mar 14 01:22:45 +0000 2018,0.0,0.0,1.0,0.0
84,@FoxNews,Wed Mar 14 01:22:45 +0000 2018,-0.6369,0.0,0.763,0.237
85,@FoxNews,Wed Mar 14 01:22:45 +0000 2018,0.4588,0.158,0.842,0.0
86,@FoxNews,Wed Mar 14 01:22:45 +0000 2018,0.5684,0.344,0.656,0.0
87,@FoxNews,Wed Mar 14 01:22:45 +0000 2018,0.4939,0.167,0.833,0.0
88,@FoxNews,Wed Mar 14 01:22:45 +0000 2018,0.0,0.0,1.0,0.0
89,@FoxNews,Wed Mar 14 01:22:45 +0000 2018,0.4588,0.158,0.842,0.0
90,@FoxNews,Wed Mar 14 01:22:45 +0000 2018,0.0,0.0,1.0,0.0
91,@FoxNews,Wed Mar 14 01:22:45 +0000 2018,-0.7351,0.0,0.693,0.307
92,@FoxNews,Wed Mar 14 01:22:45 +0000 2018,-0.8176,0.0,0.627,0.373
93,@FoxNews,Wed Mar 14 01:22:45 +0000 2018,0.0,0.0,1.0,0.0
94,@FoxNews,Wed Mar 14 01:22:45 +0000 2018,0.4588,0.158,0.842,0.0
95,@FoxNews,Wed Mar 14 01:22:45 +0000 2018,-0.1531,0.106,0.763,0.131
96,@FoxNews,Wed Mar 14 01:22:45 +0000 2018,0.0,0.0,1.0,0.0
97,@FoxNews,Wed Mar 14 01:22:45 +0000 2018,-0.6633,0.0,0.786,0.214
98,@FoxNews,Wed Mar 14 01:22:45 +0000 2018,0.743,0.279,0.642,0.079
99,@FoxNews,Wed Mar 14 01:22:45 +0000 2018,0.0,0.0,1.0,0.0
0,@nytimes,Wed Mar 14 01:21:36 +0000 2018,-0.4939,0.0,0.84,0.16
1,@nytimes,Wed Mar 14 01:21:36 +0000 2018,0.0,0.0,1.0,0.0
2,@nytimes,Wed Mar 14 01:21:36 +0000 2018,-0.4939,0.0,0.84,0.16
3,@nytimes,Wed Mar 14 01:21:36 +0000 2018,0.0,0.0,1.0,0.0
4,@nytimes,Wed Mar 14 01:21:36 +0000 2018,0.0,0.0,1.0,0.0
5,@nytimes,Wed Mar 14 01:21:36 +0000 2018,0.0,0.0,1.0,0.0
6,@nytimes,Wed Mar 14 01:21:36 +0000 2018,0.0,0.0,1.0,0.0
7,@nytimes,Wed Mar 14 01:21:36 +0000 2018,-0.4939,0.0,0.84,0.16
8,@nytimes,Wed Mar 14 01:21:36 +0000 2018,-0.4939,0.0,0.84,0.16
9,@nytimes,Wed Mar 14 01:21:36 +0000 2018,-0.4939,0.0,0.84,0.16
10,@nytimes,Wed Mar 14 01:21:36 +0000 2018,0.0,0.0,1.0,0.0
11,@nytimes,Wed Mar 14 01:21:36 +0000 2018,0.296,0.105,0.828,0.067
12,@nytimes,Wed Mar 14 01:21:36 +0000 2018,0.7351,0.383,0.617,0.0
13,@nytimes,Wed Mar 14 01:21:36 +0000 2018,0.0,0.0,1.0,0.0
14,@nytimes,Wed Mar 14 01:21:36 +0000 2018,0.0,0.0,1.0,0.0
15,@nytimes,Wed Mar 14 01:21:36 +0000 2018,-0.3612,0.131,0.656,0.213
16,@nytimes,Wed Mar 14 01:21:36 +0000 2018,-0.4939,0.0,0.84,0.16
17,@nytimes,Wed Mar 14 01:21:36 +0000 2018,0.128,0.198,0.661,0.14
18,@nytimes,Wed Mar 14 01:21:36 +0000 2018,-0.6249,0.0,0.549,0.451
19,@nytimes,Wed Mar 14 01:21:36 +0000 2018,0.0,0.0,1.0,0.0
20,@nytimes,Wed Mar 14 01:21:36 +0000 2018,0.4404,0.132,0.868,0.0
21,@nytimes,Wed Mar 14 01:21:36 +0000 2018,-0.3612,0.131,0.656,0.213
22,@nytimes,Wed Mar 14 01:21:36 +0000 2018,0.4939,0.174,0.826,0.0
23,@nytimes,Wed Mar 14 01:21:36 +0000 2018,0.1779,0.221,0.779,0.0
24,@nytimes,Wed Mar 14 01:21:36 +0000 2018,-0.4939,0.0,0.84,0.16
25,@nytimes,Wed Mar 14 01:21:36 +0000 2018,0.0,0.0,1.0,0.0
26,@nytimes,Wed Mar 14 01:21:36 +0000 2018,0.0,0.0,1.0,0.0
27,@nytimes,Wed Mar 14 01:21:36 +0000 2018,-0.4939,0.0,0.84,0.16
28,@nytimes,Wed Mar 14 01:21:36 +0000 2018,-0.4939,0.0,0.84,0.16
29,@nytimes,Wed Mar 14 01:21:36 +0000 2018,0.1072,0.163,0.651,0.186
30,@nytimes,Wed Mar 14 01:21:36 +0000 2018,0.0258,0.253,0.501,0.245
31,@nytimes,Wed Mar 14 01:21:36 +0000 2018,-0.4939,0.0,0.84,0.16
32,@nytimes,Wed Mar 14 01:21:36 +0000 2018,0.0,0.0,1.0,0.0
33,@nytimes,Wed Mar 14 01:21:36 +0000 2018,-0.4939,0.0,0.84,0.16
34,@nytimes,Wed Mar 14 01:21:36 +0000 2018,-0.5346,0.112,0.679,0.21
35,@nytimes,Wed Mar 14 01:21:36 +0000 2018,-0.6369,0.0,0.776,0.224
36,@nytimes,Wed Mar 14 01:21:36 +0000 2018,-0.3612,0.0,0.815,0.185
37,@nytimes,Wed Mar 14 01:21:36 +0000 2018,0.0,0.0,1.0,0.0
38,@nytimes,Wed Mar 14 01:21:36 +0000 2018,-0.4939,0.0,0.84,0.16
39,@nytimes,Wed Mar 14 01:21:36 +0000 2018,0.0,0.0,1.0,0.0
40,@nytimes,Wed Mar 14 01:21:36 +0000 2018,0.0,0.0,1.0,0.0
41,@nytimes,Wed Mar 14 01:21:36 +0000 2018,0.6249,0.267,0.733,0.0
42,@nytimes,Wed Mar 14 01:21:36 +0000 2018,0.0,0.0,1.0,0.0
43,@nytimes,Wed Mar 14 01:21:36 +0000 2018,-0.4939,0.0,0.84,0.16
44,@nytimes,Wed Mar 14 01:21:36 +0000 2018,-0.4767,0.0,0.744,0.256
45,@nytimes,Wed Mar 14 01:21:36 +0000 2018,-0.7054,0.0,0.764,0.236
46,@nytimes,Wed Mar 14 01:21:36 +0000 2018,0.0,0.0,1.0,0.0
47,@nytimes,Wed Mar 14 01:21:36 +0000 2018,0.0,0.0,1.0,0.0
48,@nytimes,Wed Mar 14 01:21:36 +0000 2018,0.0,0.0,1.0,0.0
49,@nytimes,Wed Mar 14 01:21:36 +0000 2018,-0.4588,0.0,0.833,0.167
50,@nytimes,Wed Mar 14 01:21:36 +0000 2018,0.0,0.0,1.0,0.0
51,@nytimes,Wed Mar 14 01:21:36 +0000 2018,0.34,0.165,0.734,0.101
52,@nytimes,Wed Mar 14 01:21:36 +0000 2018,0.0,0.0,1.0,0.0
53,@nytimes,Wed Mar 14 01:21:36 +0000 2018,0.3612,0.152,0.848,0.0
54,@nytimes,Wed Mar 14 01:21:36 +0000 2018,0.128,0.198,0.661,0.14
55,@nytimes,Wed Mar 14 01:21:36 +0000 2018,-0.4939,0.0,0.84,0.16
56,@nytimes,Wed Mar 14 01:21:36 +0000 2018,0.0,0.0,1.0,0.0
57,@nytimes,Wed Mar 14 01:21:36 +0000 2018,-0.4939,0.0,0.84,0.16
58,@nytimes,Wed Mar 14 01:21:36 +0000 2018,0.0,0.0,1.0,0.0
59,@nytimes,Wed Mar 14 01:21:36 +0000 2018,0.5106,0.268,0.732,0.0
60,@nytimes,Wed Mar 14 01:21:36 +0000 2018,0.0,0.0,1.0,0.0
61,@nytimes,Wed Mar 14 01:21:36 +0000 2018,0.4404,0.127,0.873,0.0
62,@nytimes,Wed Mar 14 01:21:36 +0000 2018,0.0,0.0,1.0,0.0
63,@nytimes,Wed Mar 14 01:21:36 +0000 2018,0.3182,0.108,0.892,0.0
64,@nytimes,Wed Mar 14 01:21:36 +0000 2018,0.0,0.0,1.0,0.0
65,@nytimes,Wed Mar 14 01:21:36 +0000 2018,0.0,0.0,1.0,0.0
66,@nytimes,Wed Mar 14 01:21:36 +0000 2018,0.0,0.0,1.0,0.0
67,@nytimes,Wed Mar 14 01:21:36 +0000 2018,0.6892,0.484,0.516,0.0
68,@nytimes,Wed Mar 14 01:21:36 +0000 2018,-0.4939,0.0,0.84,0.16
69,@nytimes,Wed Mar 14 01:21:36 +0000 2018,0.0,0.0,1.0,0.0
70,@nytimes,Wed Mar 14 01:21:36 +0000 2018,0.0,0.0,1.0,0.0
71,@nytimes,Wed Mar 14 01:21:36 +0000 2018,-0.0772,0.089,0.809,0.102
72,@nytimes,Wed Mar 14 01:21:36 +0000 2018,0.636,0.285,0.715,0.0
73,@nytimes,Wed Mar 14 01:21:36 +0000 2018,-0.4939,0.0,0.84,0.16
74,@nytimes,Wed Mar 14 01:21:36 +0000 2018,0.0,0.0,1.0,0.0
75,@nytimes,Wed Mar 14 01:21:36 +0000 2018,0.516,0.164,0.836,0.0
76,@nytimes,Wed Mar 14 01:21:36 +0000 2018,0.3468,0.108,0.892,0.0
77,@nytimes,Wed Mar 14 01:21:36 +0000 2018,0.1877,0.106,0.821,0.073
78,@nytimes,Wed Mar 14 01:21:36 +0000 2018,0.0,0.0,1.0,0.0
79,@nytimes,Wed Mar 14 01:21:36 +0000 2018,0.0,0.0,1.0,0.0
80,@nytimes,Wed Mar 14 01:21:36 +0000 2018,0.0,0.0,1.0,0.0
81,@nytimes,Wed Mar 14 01:21:36 +0000 2018,-0.4939,0.0,0.84,0.16
82,@nytimes,Wed Mar 14 01:21:36 +0000 2018,0.296,0.105,0.828,0.067
83,@nytimes,Wed Mar 14 01:21:36 +0000 2018,0.0,0.0,1.0,0.0
84,@nytimes,Wed Mar 14 01:21:36 +0000 2018,-0.4939,0.0,0.84,0.16
85,@nytimes,Wed Mar 14 01:21:36 +0000 2018,-0.5255,0.0,0.541,0.459
86,@nytimes,Wed Mar 14 01:21:36 +0000 2018,-0.4588,0.089,0.633,0.278
87,@nytimes,Wed Mar 14 01:21:36 +0000 2018,0.0,0.0,1.0,0.0
88,@nytimes,Wed Mar 14 01:21:36 +0000 2018,0.0,0.0,1.0,0.0
89,@nytimes,Wed Mar 14 01:21:36 +0000 2018,0.0,0.0,1.0,0.0
90,@nytimes,Wed Mar 14 01:21:36 +0000 2018,-0.34,0.0,0.745,0.255
91,@nytimes,Wed Mar 14 01:21:36 +0000 2018,-0.4404,0.0,0.775,0.225
92,@nytimes,Wed Mar 14 01:21:36 +0000 2018,0.128,0.198,0.661,0.14
93,@nytimes,Wed Mar 14 01:21:36 +0000 2018,0.0,0.0,1.0,0.0
94,@nytimes,Wed Mar 14 01:21:36 +0000 2018,0.0,0.0,1.0,0.0
95,@nytimes,Wed Mar 14 01:21:36 +0000 2018,0.0,0.0,1.0,0.0
96,@nytimes,Wed Mar 14 01:21:36 +0000 2018,0.0,0.0,1.0,0.0
97,@nytimes,Wed Mar 14 01:21:36 +0000 2018,0.128,0.198,0.661,0.14
98,@nytimes,Wed Mar 14 01:21:36 +0000 2018,-0.3612,0.131,0.656,0.213
99,@nytimes,Wed Mar 14 01:21:36 +0000 2018,-0.4939,0.0,0.84,0.16
